139661691,Luella,Coleman,62
113129592,Cherry,Beck,56
122189311,Justine,Hensley,36
112287485,Lakeisha,Strickland,95
126363883,Louella,Oconnor,22
117312825,Myron,Wilkerson,76
140623185,Rolando,Espinoza,51
115305199,Dick,Patrick,11
155367897,Roxanne,Mitchell,93
156255806,Marcie,Bass,70
155750360,Amy,Whitaker,83
141907019,Kip,Ellis,37
117191689,Van,Mcconnell,34
159560308,Bernardo,Michael,100
135935026,Sylvia,Davis,65
110726372,Lauri,Peterson,16
159842415,Hannah,Wise,57
157240984,Sybil,Holland,37
140483559,Porter,Velazquez,40
114342371,Cortez,Santana,3
158205239,Greta,Rangel,15
156997424,Marguerite,Gomez,22
136208431,Isidro,Macias,41
146779102,Christina,Atkins,35
138820215,Mervin,Hendrix,79
116630774,Julia,Dunlap,25
129088241,Corinne,Sheppard,86
146325662,Jarrod,Carpenter,91
151810745,Audrey,Chen,61
111647547,Connie,Wiggins,36
154908323,Lorene,Leonard,25
141220679,Aida,Mann,4
144648151,Irwin,English,52
139175787,Reginald,Olson,21
114826614,Cecile,Lawrence,79
148509752,Edith,Mcdowell,95
110676527,Jeanette,Burgess,44
134919068,Romeo,Shea,49
138026461,Earnestine,May,11
137621099,Marlene,Carson,97
121496653,Peter,Ponce,8
110432040,Jeannette,Hardin,76
139718079,Fritz,Pope,41
142983510,Stephen,Allison,95
141730940,Kelley,Chung,54
153423447,Kimberly,Bender,62
152000582,Nicholas,Becker,40
147588974,Junior,Hawkins,10
152515016,Eli,Costa,51
117724082,Scotty,Moore,9
136111000,Johnie,Fritz,56
147538650,Ruben,Neal,93
135090307,Susanna,Valdez,23
119984114,Pearl,Watkins,36
141916220,Kurt,Simon,43
149698782,Becky,Simpson,4
117058487,Kristie,Dudley,35
148460476,Timmy,Buckley,30
140375103,Hannah,Moss,4
110142591,Corine,Hendrix,35
142002099,Jaclyn,Torres,98
129000712,Teresa,Acosta,63
126615506,Jordan,Zavala,76
133514745,Nestor,Hutchinson,9
141624286,Joan,Bolton,20
153029279,Margret,Chaney,37
146091253,Sam,Francis,62
128545783,Iris,Knox,49
139552560,Jan,Le,13
117717008,Lydia,Cannon,69
129176603,Moises,Barrett,68
137671820,Millicent,Woods,92
157259637,Lacy,Sutton,82
118863071,Augustus,Strong,82
140640888,Elvia,Velazquez,10
144644552,Dolly,Farmer,57
115199854,Wally,Khan,21
157598205,Fredric,Flynn,39
141787764,Dorthy,Myers,48
148061741,Earlene,Mckay,90
123605504,Dante,Wagner,33
157015717,Jose,Fitzgerald,20
143266318,Carmela,Barnett,15
145523614,Rosanna,Donaldson,21
150123357,Juan,Watson,81
150017141,Rosario,Rios,11
142951400,Johnnie,Mclean,98
133744765,Bill,Ballard,53
115442767,Carol,Juarez,8
143218417,Kate,Barr,14
126850725,Marcelo,Walsh,29
149413936,Mario,Preston,50
156663983,Wade,Baker,74
125755472,Elisa,Ortiz,52
120608882,Roxie,Gould,46
150068825,Wilburn,Stevens,49
123293706,Luann,Reilly,95
143324936,Brooke,Clements,1
120422962,Amie,Wiley,54
137931716,Eduardo,Warner,73
130442882,Rodolfo,Simmons,40
133468810,Rosella,Fields,85
143781880,Susanna,Larson,88
133799946,Nancy,Luna,25
152640783,Carmela,Greer,55
126897889,Rae,Banks,76
120839220,Lynne,Montes,58
110454275,Kent,Sims,35
125827992,Lilian,Glenn,52
128538771,Jan,Daniel,61
113126457,Delbert,Middleton,75
148172475,Deana,Peterson,18
153907254,Barbara,Carrillo,31
158800169,Shannon,Roy,29
138713581,Manuela,Rogers,100
130897548,Josh,Meadows,45
130653342,Nicolas,Mcclure,15
146129705,Clement,Moyer,72
129121380,Lara,Sparks,90
127416536,Keneth,Callahan,94
147012350,Robin,Shah,48
115371991,Marcus,Everett,64
156063062,Marcelo,Pruitt,11
159344618,Magdalena,Page,64
158262039,Boris,Dodson,49
127412523,Tabitha,Thornton,43
135482714,Eve,Hester,50
155991407,Pearl,Morris,10
139678157,Wilma,Estrada,50
115800841,Otto,Coleman,83
131593411,Saundra,Gibson,55
126692463,Vivian,Gonzales,99
135465363,Ernesto,Mcintyre,88
143718937,Denis,Allison,21
127146056,Myrna,Schwartz,74
151072403,Ivan,Blanchard,58
136603983,Harlan,Brown,27
156445500,Michal,Wilkins,92
120409310,Zachery,Moon,16
125128631,Miles,Madden,84
136231521,Giuseppe,Clark,83
114389066,Marquis,Blackburn,82
140118573,Liz,Stuart,89
135476350,Eldon,Beasley,28
156800526,Erma,Norton,32
134514324,Sybil,Griffith,85
112367283,Melissa,Mayer,21
115868255,Reva,Castro,74
142119778,Clayton,Barrera,40
140452464,Drew,Webb,48
